2023-12-22 03:07:32.5014702Z;Api;request unproteced field token_auth_mf in Api.Services.RegisterService
2023-12-22 03:22:47.6940974Z;Api;request unproteced field token_auth_mf in Api.Services.RegisterService
2023-12-22 03:24:56.9619871Z;Api;request unproteced field token_auth_mf in Api.Services.RegisterService
2023-12-22 03:45:21.6733744Z;Api;request unproteced field token_auth_mf in Api.Services.RegisterService
2023-12-22 03:49:32.3942837Z;Api;request unproteced field token_auth_mf in Api.Services.RegisterService
2023-12-22 03:51:54.4915761Z;Api;request unproteced field token_auth_mf in Api.Services.RegisterService
2023-12-22 03:57:02.5360939Z;Api;request unproteced field token_auth_mf in Api.Services.RegisterService
2023-12-22 03:59:10.7405393Z;Api;request unproteced field token_auth_mf in Api.Services.RegisterService
2023-12-22 04:02:40.6118703Z;Api;request unproteced field token_auth_mf in Api.Services.RegisterService
2023-12-22 04:04:56.7874156Z;Api;request unproteced field token_auth_mf in Api.Services.RegisterService
2023-12-22 04:05:54.8185052Z;Api;request unproteced field token_auth_mf in Api.Services.RegisterService
2023-12-22 04:06:35.8214789Z;Api;request unproteced field token_auth_mf in Api.Services.RegisterService
2023-12-22 04:08:03.3385982Z;Api;request unproteced field token_auth_mf in Api.Services.RegisterService
2023-12-22 04:09:14.2103965Z;Api;request unproteced field token_auth_mf in Api.Services.RegisterService
2023-12-22 04:11:47.7074827Z;Api;request unproteced field token_auth_mf in Api.Services.RegisterService
2023-12-22 04:13:26.2895852Z;Api;request unproteced field token_auth_mf in Api.Services.RegisterService
2023-12-22 04:19:21.2208096Z;Api;request unproteced field token_auth_mf in Api.Services.RegisterService
2023-12-22 17:51:17.7983589Z;Api;request unproteced field token_auth_mf in Api.Services.RegisterService
